{
  "$schema": "../../../node_modules/@angular-devkit/schematics/collection-schema.json",
  "schematics": {
    "ng-add": {
      "factory": "./ng-add/index",
      "description": "Install and configure spartacus",
      "schema": "./add-spartacus/schema.json",
      "private": true,
      "hidden": true,
      "aliases": ["install"]
    },
    "add-spartacus": {
      "description": "Add spartacus to Angular project.",
      "factory": "./add-spartacus/index#addSpartacus",
      "schema": "./add-spartacus/schema.json",
      "aliases": ["spa"]
    },
    "add-ssr": {
      "description": "Add server-side rendering.",
      "factory": "./add-ssr/index#addSSR",
      "schema": "./add-spartacus/schema.json",
      "aliases": ["ssr"]
    },
    "add-cms-component": {
      "description": "Add a CMS component.",
      "factory": "./add-cms-component/index#addCmsComponent",
      "schema": "./add-cms-component/schema.json",
      "aliases": ["cms"]
    },
    "wrapper-module": {
      "description": "Generate a feature wrapper module",
      "factory": "./wrapper-module/index#generateWrapperModule",
      "aliases": ["wrapper"]
    }
  }
}
