{
  "@spartacus/assets": {},
  "@spartacus/core": {
    "@angular/common": "^16.2.10",
    "@angular/core": "^16.2.10",
    "@angular/platform-browser": "^16.2.10",
    "@angular/router": "^16.2.10",
    "@ngrx/effects": "^16.0.1",
    "@ngrx/router-store": "^16.0.1",
    "@ngrx/store": "^16.0.1",
    "angular-oauth2-oidc": "^15.0.1",
    "i18next": "^21.10.0",
    "i18next-http-backend": "^1.4.5",
    "i18next-resources-to-backend": "^1.1.2",
    "rxjs": "^7.8.0"
  },
  "@spartacus/schematics": {
    "@angular-devkit/core": "^16.2.7",
    "@angular-devkit/schematics": "^16.2.7",
    "@angular/compiler": "^16.2.10",
    "@schematics/angular": "16.2.8",
    "jsonc-parser": "^3.2.0",
    "parse5": "^6.0.1",
    "typescript": "5.1.6"
  },
  "storefrontapp-e2e-cypress": {},
  "@spartacus/storefront": {
    "@angular/common": "^16.2.10",
    "@angular/core": "^16.2.10",
    "@angular/forms": "^16.2.10",
    "@angular/platform-browser": "^16.2.10",
    "@angular/router": "^16.2.10",
    "@angular/service-worker": "^16.2.10",
    "@ng-select/ng-select": "^11.1.1",
    "@ngrx/effects": "^16.0.1",
    "@ngrx/router-store": "^16.0.1",
    "@ngrx/store": "^16.0.1",
    "@spartacus/core": "6.6.0-2",
    "ngx-infinite-scroll": "^16.0.0",
    "rxjs": "^7.8.0"
  },
  "@spartacus/styles": {
    "@fontsource/open-sans": "^4.5.14",
    "@fortawesome/fontawesome-free": "6.4.2",
    "@ng-select/ng-select": "^11.1.1",
    "bootstrap": "^4.6.2"
  },
  "@spartacus/setup": {
    "@angular/core": "^16.2.10",
    "@spartacus/cart": "6.6.0-2",
    "@spartacus/core": "6.6.0-2",
    "@spartacus/order": "6.6.0-2",
    "@spartacus/user": "6.6.0-2"
  },
  "@spartacus/asm": {
    "@angular-devkit/schematics": "^16.2.7",
    "@angular/common": "^16.2.10",
    "@angular/core": "^16.2.10",
    "@angular/forms": "^16.2.10",
    "@ng-select/ng-select": "^11.1.1",
    "@ngrx/effects": "^16.0.1",
    "@ngrx/store": "^16.0.1",
    "@spartacus/cart": "6.6.0-2",
    "@spartacus/core": "6.6.0-2",
    "@spartacus/order": "6.6.0-2",
    "@spartacus/schematics": "6.6.0-2",
    "@spartacus/storefinder": "6.6.0-2",
    "@spartacus/storefront": "6.6.0-2",
    "@spartacus/styles": "6.6.0-2",
    "@spartacus/user": "6.6.0-2",
    "rxjs": "^7.8.0"
  },
  "@spartacus/cart": {
    "@angular-devkit/schematics": "^16.2.7",
    "@angular/common": "^16.2.10",
    "@angular/core": "^16.2.10",
    "@angular/forms": "^16.2.10",
    "@angular/router": "^16.2.10",
    "@ng-select/ng-select": "^11.1.1",
    "@ngrx/effects": "^16.0.1",
    "@ngrx/store": "^16.0.1",
    "@spartacus/core": "6.6.0-2",
    "@spartacus/schematics": "6.6.0-2",
    "@spartacus/storefront": "6.6.0-2",
    "@spartacus/styles": "6.6.0-2",
    "@spartacus/user": "6.6.0-2",
    "bootstrap": "^4.6.2",
    "rxjs": "^7.8.0"
  },
  "@spartacus/checkout": {
    "@angular-devkit/schematics": "^16.2.7",
    "@angular/common": "^16.2.10",
    "@angular/core": "^16.2.10",
    "@angular/forms": "^16.2.10",
    "@angular/router": "^16.2.10",
    "@ng-select/ng-select": "^11.1.1",
    "@ngrx/store": "^16.0.1",
    "@spartacus/cart": "6.6.0-2",
    "@spartacus/core": "6.6.0-2",
    "@spartacus/order": "6.6.0-2",
    "@spartacus/schematics": "6.6.0-2",
    "@spartacus/storefront": "6.6.0-2",
    "@spartacus/styles": "6.6.0-2",
    "@spartacus/user": "6.6.0-2",
    "bootstrap": "^4.6.2",
    "rxjs": "^7.8.0"
  },
  "@spartacus/customer-ticketing": {
    "@angular-devkit/schematics": "^16.2.7",
    "@angular/common": "^16.2.10",
    "@angular/core": "^16.2.10",
    "@angular/forms": "^16.2.10",
    "@angular/router": "^16.2.10",
    "@spartacus/cart": "6.6.0-2",
    "@spartacus/core": "6.6.0-2",
    "@spartacus/schematics": "6.6.0-2",
    "@spartacus/storefront": "6.6.0-2",
    "@spartacus/styles": "6.6.0-2",
    "rxjs": "^7.8.0"
  },
  "@spartacus/order": {
    "@angular-devkit/schematics": "^16.2.7",
    "@angular/common": "^16.2.10",
    "@angular/core": "^16.2.10",
    "@angular/forms": "^16.2.10",
    "@angular/router": "^16.2.10",
    "@ng-select/ng-select": "^11.1.1",
    "@ngrx/effects": "^16.0.1",
    "@ngrx/store": "^16.0.1",
    "@spartacus/cart": "6.6.0-2",
    "@spartacus/core": "6.6.0-2",
    "@spartacus/pdf-invoices": "6.6.0-2",
    "@spartacus/schematics": "6.6.0-2",
    "@spartacus/storefront": "6.6.0-2",
    "@spartacus/styles": "6.6.0-2",
    "@spartacus/user": "6.6.0-2",
    "rxjs": "^7.8.0"
  },
  "@spartacus/organization": {
    "@angular-devkit/schematics": "^16.2.7",
    "@angular/common": "^16.2.10",
    "@angular/core": "^16.2.10",
    "@angular/forms": "^16.2.10",
    "@angular/router": "^16.2.10",
    "@ng-select/ng-select": "^11.1.1",
    "@ngrx/effects": "^16.0.1",
    "@ngrx/store": "^16.0.1",
    "@spartacus/cart": "6.6.0-2",
    "@spartacus/core": "6.6.0-2",
    "@spartacus/order": "6.6.0-2",
    "@spartacus/schematics": "6.6.0-2",
    "@spartacus/storefront": "6.6.0-2",
    "@spartacus/styles": "6.6.0-2",
    "@spartacus/user": "6.6.0-2",
    "bootstrap": "^4.6.2",
    "rxjs": "^7.8.0"
  },
  "@spartacus/pdf-invoices": {
    "@angular-devkit/schematics": "^16.2.7",
    "@angular/common": "^16.2.10",
    "@angular/core": "^16.2.10",
    "@angular/forms": "^16.2.10",
    "@spartacus/core": "6.6.0-2",
    "@spartacus/schematics": "6.6.0-2",
    "@spartacus/storefront": "6.6.0-2",
    "@spartacus/styles": "6.6.0-2",
    "rxjs": "^7.8.0"
  },
  "@spartacus/pickup-in-store": {
    "@angular-devkit/schematics": "^16.2.7",
    "@angular/common": "^16.2.10",
    "@angular/core": "^16.2.10",
    "@angular/forms": "^16.2.10",
    "@angular/router": "^16.2.10",
    "@ngrx/effects": "^16.0.1",
    "@ngrx/store": "^16.0.1",
    "@spartacus/cart": "6.6.0-2",
    "@spartacus/core": "6.6.0-2",
    "@spartacus/order": "6.6.0-2",
    "@spartacus/schematics": "6.6.0-2",
    "@spartacus/storefinder": "6.6.0-2",
    "@spartacus/storefront": "6.6.0-2",
    "@spartacus/styles": "6.6.0-2",
    "@spartacus/user": "6.6.0-2",
    "bootstrap": "^4.6.2",
    "rxjs": "^7.8.0"
  },
  "@spartacus/product": {
    "@angular-devkit/schematics": "^16.2.7",
    "@angular/common": "^16.2.10",
    "@angular/core": "^16.2.10",
    "@angular/router": "^16.2.10",
    "@spartacus/core": "6.6.0-2",
    "@spartacus/schematics": "6.6.0-2",
    "@spartacus/storefront": "6.6.0-2",
    "@spartacus/styles": "6.6.0-2",
    "bootstrap": "^4.6.2",
    "rxjs": "^7.8.0"
  },
  "@spartacus/product-configurator": {
    "@angular-devkit/schematics": "^16.2.7",
    "@angular/common": "^16.2.10",
    "@angular/core": "^16.2.10",
    "@angular/forms": "^16.2.10",
    "@angular/router": "^16.2.10",
    "@ng-select/ng-select": "^11.1.1",
    "@ngrx/effects": "^16.0.1",
    "@ngrx/store": "^16.0.1",
    "@spartacus/cart": "6.6.0-2",
    "@spartacus/checkout": "6.6.0-2",
    "@spartacus/core": "6.6.0-2",
    "@spartacus/order": "6.6.0-2",
    "@spartacus/schematics": "6.6.0-2",
    "@spartacus/storefront": "6.6.0-2",
    "@spartacus/styles": "6.6.0-2",
    "rxjs": "^7.8.0"
  },
  "@spartacus/qualtrics": {
    "@angular-devkit/schematics": "^16.2.7",
    "@angular/common": "^16.2.10",
    "@angular/core": "^16.2.10",
    "@spartacus/core": "6.6.0-2",
    "@spartacus/schematics": "6.6.0-2",
    "@spartacus/styles": "6.6.0-2",
    "bootstrap": "^4.6.2",
    "rxjs": "^7.8.0"
  },
  "@spartacus/requested-delivery-date": {
    "@angular-devkit/schematics": "^16.2.7",
    "@angular/common": "^16.2.10",
    "@angular/core": "^16.2.10",
    "@angular/forms": "^16.2.10",
    "@spartacus/cart": "6.6.0-2",
    "@spartacus/checkout": "6.6.0-2",
    "@spartacus/core": "6.6.0-2",
    "@spartacus/order": "6.6.0-2",
    "@spartacus/schematics": "6.6.0-2",
    "@spartacus/storefront": "6.6.0-2",
    "@spartacus/styles": "6.6.0-2",
    "rxjs": "^7.8.0"
  },
  "@spartacus/smartedit": {
    "@angular-devkit/schematics": "^16.2.7",
    "@angular/common": "^16.2.10",
    "@angular/core": "^16.2.10",
    "@spartacus/core": "6.6.0-2",
    "@spartacus/schematics": "6.6.0-2",
    "rxjs": "^7.8.0"
  },
  "@spartacus/storefinder": {
    "@angular-devkit/schematics": "^16.2.7",
    "@angular/common": "^16.2.10",
    "@angular/core": "^16.2.10",
    "@angular/forms": "^16.2.10",
    "@angular/router": "^16.2.10",
    "@ngrx/effects": "^16.0.1",
    "@ngrx/store": "^16.0.1",
    "@spartacus/core": "6.6.0-2",
    "@spartacus/schematics": "6.6.0-2",
    "@spartacus/storefront": "6.6.0-2",
    "@spartacus/styles": "6.6.0-2",
    "bootstrap": "^4.6.2",
    "rxjs": "^7.8.0"
  },
  "@spartacus/tracking": {
    "@angular-devkit/schematics": "^16.2.7",
    "@angular/common": "^16.2.10",
    "@angular/core": "^16.2.10",
    "@spartacus/core": "6.6.0-2",
    "@spartacus/schematics": "6.6.0-2",
    "rxjs": "^7.8.0"
  },
  "@spartacus/user": {
    "@angular-devkit/schematics": "^16.2.7",
    "@angular/common": "^16.2.10",
    "@angular/core": "^16.2.10",
    "@angular/forms": "^16.2.10",
    "@angular/router": "^16.2.10",
    "@ng-select/ng-select": "^11.1.1",
    "@ngrx/store": "^16.0.1",
    "@spartacus/core": "6.6.0-2",
    "@spartacus/schematics": "6.6.0-2",
    "@spartacus/storefront": "6.6.0-2",
    "@spartacus/styles": "6.6.0-2",
    "rxjs": "^7.8.0"
  },
  "@spartacus/cdc": {
    "@angular-devkit/schematics": "^16.2.7",
    "@angular/common": "^16.2.10",
    "@angular/core": "^16.2.10",
    "@angular/forms": "^16.2.10",
    "@angular/router": "^16.2.10",
    "@ng-select/ng-select": "^11.1.1",
    "@ngrx/effects": "^16.0.1",
    "@ngrx/store": "^16.0.1",
    "@spartacus/asm": "6.6.0-2",
    "@spartacus/core": "6.6.0-2",
    "@spartacus/organization": "6.6.0-2",
    "@spartacus/schematics": "6.6.0-2",
    "@spartacus/storefront": "6.6.0-2",
    "@spartacus/user": "6.6.0-2",
    "rxjs": "^7.8.0"
  },
  "@spartacus/cds": {
    "@angular-devkit/schematics": "^16.2.7",
    "@angular/common": "^16.2.10",
    "@angular/core": "^16.2.10",
    "@angular/router": "^16.2.10",
    "@ngrx/store": "^16.0.1",
    "@spartacus/cart": "6.6.0-2",
    "@spartacus/core": "6.6.0-2",
    "@spartacus/order": "6.6.0-2",
    "@spartacus/schematics": "6.6.0-2",
    "@spartacus/storefront": "6.6.0-2",
    "@spartacus/tracking": "6.6.0-2",
    "rxjs": "^7.8.0"
  },
  "@spartacus/digital-payments": {
    "@angular-devkit/schematics": "^16.2.7",
    "@angular/common": "^16.2.10",
    "@angular/core": "^16.2.10",
    "@angular/forms": "^16.2.10",
    "@angular/router": "^16.2.10",
    "@ng-select/ng-select": "^11.1.1",
    "@spartacus/cart": "6.6.0-2",
    "@spartacus/checkout": "6.6.0-2",
    "@spartacus/core": "6.6.0-2",
    "@spartacus/schematics": "6.6.0-2",
    "@spartacus/storefront": "6.6.0-2",
    "rxjs": "^7.8.0"
  },
  "@spartacus/epd-visualization": {
    "@angular-devkit/schematics": "^16.2.7",
    "@angular/common": "^16.2.10",
    "@angular/core": "^16.2.10",
    "@angular/forms": "^16.2.10",
    "@angular/router": "^16.2.10",
    "@sapui5/ts-types-esm": "1.108.14",
    "@spartacus/cart": "6.6.0-2",
    "@spartacus/core": "6.6.0-2",
    "@spartacus/schematics": "6.6.0-2",
    "@spartacus/storefront": "6.6.0-2",
    "@spartacus/styles": "6.6.0-2",
    "bootstrap": "^4.6.2",
    "rxjs": "^7.8.0"
  },
  "@spartacus/s4om": {
    "@angular-devkit/schematics": "^16.2.7",
    "@angular/common": "^16.2.10",
    "@angular/core": "^16.2.10",
    "@spartacus/cart": "6.6.0-2",
    "@spartacus/core": "6.6.0-2",
    "@spartacus/pdf-invoices": "6.6.0-2",
    "@spartacus/requested-delivery-date": "6.6.0-2",
    "@spartacus/schematics": "6.6.0-2",
    "@spartacus/storefront": "6.6.0-2",
    "@spartacus/styles": "6.6.0-2",
    "rxjs": "^7.8.0"
  },
  "@spartacus/segment-refs": {
    "@angular-devkit/schematics": "^16.2.7",
    "@angular/common": "^16.2.10",
    "@angular/core": "^16.2.10",
    "@spartacus/core": "6.6.0-2",
    "@spartacus/schematics": "6.6.0-2",
    "rxjs": "^7.8.0"
  },
  "storefrontapp": {
    "@angular/animations": "^16.2.10",
    "@angular/common": "^16.2.10",
    "@angular/compiler": "^16.2.10",
    "@angular/core": "^16.2.10",
    "@angular/forms": "^16.2.10",
    "@angular/platform-browser": "^16.2.10",
    "@angular/platform-browser-dynamic": "^16.2.10",
    "@angular/platform-server": "^16.2.10",
    "@angular/pwa": "^16.2.7",
    "@angular/router": "^16.2.10",
    "@angular/service-worker": "^16.2.10",
    "@fontsource/open-sans": "^4.5.14",
    "@fortawesome/fontawesome-free": "6.4.2",
    "@ng-select/ng-select": "^11.1.1",
    "@ngrx/effects": "^16.0.1",
    "@ngrx/router-store": "^16.0.1",
    "@ngrx/store": "^16.0.1",
    "@nguniversal/express-engine": "^16.2.0",
    "@types/google.maps": "^3.54.0",
    "angular-oauth2-oidc": "^15.0.1",
    "bootstrap": "^4.6.2",
    "comment-json": "^4.2.3",
    "express": "^4.18.2",
    "hamburgers": "^1.2.1",
    "i18next": "^21.10.0",
    "i18next-http-backend": "^1.4.5",
    "i18next-resources-to-backend": "^1.1.2",
    "ngx-infinite-scroll": "^16.0.0",
    "rxjs": "^7.8.0",
    "ts-loader": "^9.4.4",
    "tslib": "^2.6.2",
    "zone.js": "~0.13.3"
  }
}
