{
  "schematics": {
    "migration-v3-component-deprecations-01": {
      "version": "3.2.0-next.2",
      "factory": "./3_0/component-deprecations/component-deprecations#migrate",
      "description": "Handle deprecated Spartacus components"
    },
    "migration-v3-config-deprecations-02": {
      "version": "3.2.0-next.2",
      "factory": "./3_0/config-deprecations/config-deprecation#migrate",
      "description": "Handle deprecated configuration properties"
    },
    "migration-v3-constructor-deprecations-03": {
      "version": "3.2.0-next.2",
      "factory": "./3_0/constructor-deprecations/constructor-deprecations#migrate",
      "description": "Add or remove constructor parameters"
    },
    "migration-v3-methods-and-properties-deprecations-04": {
      "version": "3.2.0-next.2",
      "factory": "./3_0/methods-and-properties-deprecations/methods-and-properties-deprecations#migrate",
      "description": "Comment about usage of removed public methods or properties"
    },
    "migration-v3-removed-public-api-deprecation-05": {
      "version": "3.2.0-next.2",
      "factory": "./3_0/removed-public-api-deprecations/removed-public-api-deprecation#migrate",
      "description": "Comment about usage of removed public api"
    },
    "migration-v3-css-06": {
      "version": "3.2.0-next.2",
      "factory": "./3_0/css/css#migrate",
      "description": "Handle deprecated CSS"
    },
    "migration-v3-storefinder-07": {
      "version": "3.0.0",
      "factory": "./3_0/storefinder/storefinder#migrate",
      "description": "Migrate the old storefinder setup to the new one."
    },
    "migration-v3-add-dependencies-08": {
      "version": "3.0.0",
      "factory": "./3_0/add-dependencies/add-dependencies#migrate",
      "description": "Add and install additional dependencies"
    },
    "migration-v3-ssr-09": {
      "version": "3.0.0",
      "factory": "./3_0/ssr/ssr#migrate",
      "description": "Migrate ssr to the new setup"
    },

    "00-migration-v4-rename-symbol": {
      "version": "4.1.0-next.0",
      "factory": "./4_0/rename-symbol/rename-symbol#migrate",
      "description": "Rename import symbols that were moved/changed in majors"
    },
    "01-migration-v4-removed-public-api-deprecation": {
      "version": "4.1.0-next.0",
      "factory": "./4_0/removed-public-api-deprecations/removed-public-api-deprecation#migrate",
      "description": "Comment about usage of removed public api"
    },
    "02-migration-v4-methods-and-properties-deprecations": {
      "version": "4.1.0-next.0",
      "factory": "./4_0/methods-and-properties-deprecations/methods-and-properties-deprecations#migrate",
      "description": "Comment about usage of removed public methods or properties"
    },
    "03-migration-v4-constructor-deprecations": {
      "version": "4.1.0-next.0",
      "factory": "./4_0/constructor-deprecations/constructor-deprecations#migrate",
      "description": "Add or remove constructor parameters"
    },
    "04-migration-v4-config-deprecations": {
      "version": "4.1.0-next.0",
      "factory": "./4_0/config-deprecations/config-deprecation#migrate",
      "description": "Handle deprecated configuration properties"
    },
    "05-migration-v4-dependency-management": {
      "version": "4.1.0-next.0",
      "factory": "./4_0/dependency-management/dependency-management#migrate",
      "description": "Update dependencies"
    },
    "06-migration-v4-css": {
      "version": "4.1.0-next.0",
      "factory": "./4_0/css/css#migrate",
      "description": "Handle deprecated CSS"
    },
    "07-migration-v4-missing-packages": {
      "version": "4.1.0-next.0",
      "factory": "./4_0/missing-packages/missing-packages#migrate",
      "description": "Check missing packages"
    },
    "08-migration-v4-scaffold-app-structure": {
      "version": "4.0.0",
      "factory": "./mechanism/scaffold-app-structure/scaffold-app-structure#scaffoldAppStructure",
      "description": "Scaffold the new app structure"
    },

    "00-migration-v5-config-deprecations": {
      "version": "5.0.0-next.0",
      "factory": "./5_0/config-deprecations/config-deprecations#migrate",
      "description": "Handle deprecated configuration properties"
    },
    "01-migration-v5-constructor-deprecations": {
      "version": "5.0.0-next.0",
      "factory": "./5_0/constructor-deprecations/constructor-deprecations#migrate",
      "description": "Add or remove constructor parameters"
    },
    "02-migration-v5-css": {
      "version": "5.0.0-next.0",
      "factory": "./5_0/css/css#migrate",
      "description": "Handle deprecated CSS"
    },
    "03-migration-v5-dependency-management": {
      "version": "5.0.0-next.0",
      "factory": "./5_0/dependency-management/dependency-management#migrate",
      "description": "Update dependencies"
    },
    "04-migration-v5-methods-and-properties-deprecations": {
      "version": "5.0.0-next.0",
      "factory": "./5_0/methods-and-properties-deprecations/methods-and-properties-deprecations#migrate",
      "description": "Comment about usage of removed public methods or properties"
    },
    "05-migration-v5-missing-packages": {
      "version": "5.0.0-next.0",
      "factory": "./5_0/missing-packages/missing-packages#migrate",
      "description": "Check missing packages"
    },
    "06-migration-v5-removed-public-api-deprecations": {
      "version": "5.0.0-next.0",
      "factory": "./5_0/removed-public-api-deprecations/removed-public-api-deprecations#migrate",
      "description": "Comment about usage of removed public api"
    },
    "07-migration-v5-rename-symbol": {
      "version": "5.0.0-next.0",
      "factory": "./5_0/rename-symbol/rename-symbol#migrate",
      "description": "Rename import symbols that were moved/changed in majors"
    },
    "08-migration-v5-angular-json-styling": {
      "version": "5.0.0-next.0",
      "factory": "./5_0/angular-json-styles/angular-json-styles#migrate",
      "description": "Update the angular.json with the style preprocessor options"
    },

    "00-migration-v6-ssr": {
      "version": "6.6.0-2",
      "factory": "./6_0/ssr/ssr#migrate",
      "description": "Updates the SSR setup"
    },
    "01-migration-v6-config-deprecations": {
      "version": "6.6.0-2",
      "factory": "./6_0/config-deprecations/config-deprecations#migrate",
      "description": "Handle deprecated configuration properties"
    },
    "02-migration-v6-constructor-deprecations": {
      "version": "6.6.0-2",
      "factory": "./6_0/constructor-deprecations/constructor-deprecations#migrate",
      "description": "Add or remove constructor parameters"
    },
    "03-migration-v6-css": {
      "version": "6.6.0-2",
      "factory": "./6_0/css/css#migrate",
      "description": "Handle deprecated CSS"
    },
    "04-migration-v6-dependency-management": {
      "version": "6.6.0-2",
      "factory": "./6_0/dependency-management/dependency-management#migrate",
      "description": "Update dependencies"
    },
    "05-migration-v6-methods-and-properties-deprecations": {
      "version": "6.6.0-2",
      "factory": "./6_0/methods-and-properties-deprecations/methods-and-properties-deprecations#migrate",
      "description": "Comment about usage of removed public methods or properties"
    },
    "06-migration-v6-missing-packages": {
      "version": "6.6.0-2",
      "factory": "./6_0/missing-packages/missing-packages#migrate",
      "description": "Check missing packages"
    },
    "07-migration-v6-removed-public-api-deprecations": {
      "version": "6.6.0-2",
      "factory": "./6_0/removed-public-api-deprecations/removed-public-api-deprecations#migrate",
      "description": "Comment about usage of removed public api"
    },
    "08-migration-v6-rename-symbol": {
      "version": "6.6.0-2",
      "factory": "./6_0/rename-symbol/rename-symbol#migrate",
      "description": "Rename import symbols that were moved/changed in majors"
    },
    "09-migration-v6-angular-json-styling": {
      "version": "6.6.0-2",
      "factory": "./6_0/angular-json-styles/angular-json-styles#migrate",
      "description": "Update the angular.json with the style preprocessor options"
    }
  }
}
